{"initial_reset_timestamp": 1570081037.016193, "timestamps": [1570081038.706453], "episode_lengths": [12], "episode_rewards": [12.0], "episode_types": ["t"]}