{"initial_reset_timestamp": 1570158827.2577012, "timestamps": [1570158834.250942], "episode_lengths": [200], "episode_rewards": [200.0], "episode_types": ["t"]}