{"initial_reset_timestamp": 1570159763.3839629, "timestamps": [1570159772.909067], "episode_lengths": [200], "episode_rewards": [200.0], "episode_types": ["t"]}