{"initial_reset_timestamp": 1570088296.735323, "timestamps": [1570088303.595872], "episode_lengths": [200], "episode_rewards": [-200.0], "episode_types": ["t"]}