{"initial_reset_timestamp": 1570129713.343956, "timestamps": [1570129719.988072], "episode_lengths": [200], "episode_rewards": [200.0], "episode_types": ["t"]}