{"initial_reset_timestamp": 1570090514.506443, "timestamps": [1570090518.647756], "episode_lengths": [125], "episode_rewards": [-125.0], "episode_types": ["t"]}