{"initial_reset_timestamp": 1570081769.794292, "timestamps": [1570081777.2090912], "episode_lengths": [200], "episode_rewards": [200.0], "episode_types": ["t"]}