{"initial_reset_timestamp": 1570149426.295448, "timestamps": [1570149430.501023], "episode_lengths": [119], "episode_rewards": [-119.0], "episode_types": ["t"]}