{"initial_reset_timestamp": 1570085534.965908, "timestamps": [1570085543.7633438], "episode_lengths": [200], "episode_rewards": [-200.0], "episode_types": ["t"]}