{"initial_reset_timestamp": 1570142246.903237, "timestamps": [1570142257.0262709], "episode_lengths": [200], "episode_rewards": [-200.0], "episode_types": ["t"]}