{"initial_reset_timestamp": 1570131934.266836, "timestamps": [1570131944.8573818], "episode_lengths": [200], "episode_rewards": [-200.0], "episode_types": ["t"]}