{"initial_reset_timestamp": 1570079610.322154, "timestamps": [1570079618.050103], "episode_lengths": [200], "episode_rewards": [200.0], "episode_types": ["t"]}