{"initial_reset_timestamp": 1570140296.8998709, "timestamps": [1570140305.844186], "episode_lengths": [200], "episode_rewards": [-200.0], "episode_types": ["t"]}