{"initial_reset_timestamp": 1570131352.103538, "timestamps": [1570131359.753382], "episode_lengths": [200], "episode_rewards": [200.0], "episode_types": ["t"]}