{"initial_reset_timestamp": 1570150038.618597, "timestamps": [1570150043.135925], "episode_lengths": [108], "episode_rewards": [-108.0], "episode_types": ["t"]}