{"initial_reset_timestamp": 1570082177.097535, "timestamps": [1570082184.802488], "episode_lengths": [200], "episode_rewards": [200.0], "episode_types": ["t"]}