{"initial_reset_timestamp": 1570130540.8246741, "timestamps": [1570130547.37168], "episode_lengths": [200], "episode_rewards": [200.0], "episode_types": ["t"]}