{"initial_reset_timestamp": 1570128664.6855302, "timestamps": [1570128666.544652], "episode_lengths": [14], "episode_rewards": [14.0], "episode_types": ["t"]}