{"initial_reset_timestamp": 1570135313.410485, "timestamps": [1570135317.6690109], "episode_lengths": [97], "episode_rewards": [-97.0], "episode_types": ["t"]}