{"initial_reset_timestamp": 1570075115.566745, "timestamps": [1570075842.786473], "episode_lengths": [200], "episode_rewards": [200.0], "episode_types": ["t"]}