{"initial_reset_timestamp": 1570157638.945906, "timestamps": [1570157640.293238], "episode_lengths": [12], "episode_rewards": [12.0], "episode_types": ["t"]}