{"initial_reset_timestamp": 1570060906.6291149, "timestamps": [1570060907.8478668], "episode_lengths": [9], "episode_rewards": [9.0], "episode_types": ["t"]}