{"initial_reset_timestamp": 1570147839.123858, "timestamps": [1570147844.080898], "episode_lengths": [111], "episode_rewards": [-111.0], "episode_types": ["t"]}