{"initial_reset_timestamp": 1570157692.761194, "timestamps": [1570157694.121815], "episode_lengths": [11], "episode_rewards": [11.0], "episode_types": ["t"]}