{"initial_reset_timestamp": 1570133829.5956962, "timestamps": [1570133838.801337], "episode_lengths": [186], "episode_rewards": [-186.0], "episode_types": ["t"]}