{"initial_reset_timestamp": 1570136638.022858, "timestamps": [1570136648.891159], "episode_lengths": [200], "episode_rewards": [-200.0], "episode_types": ["t"]}