{"initial_reset_timestamp": 1570092120.468587, "timestamps": [1570092123.745892], "episode_lengths": [101], "episode_rewards": [-101.0], "episode_types": ["t"]}