{"initial_reset_timestamp": 1570138598.186731, "timestamps": [1570138605.136495], "episode_lengths": [200], "episode_rewards": [-200.0], "episode_types": ["t"]}