{"initial_reset_timestamp": 1570160739.9545422, "timestamps": [1570160750.888443], "episode_lengths": [200], "episode_rewards": [200.0], "episode_types": ["t"]}