{"initial_reset_timestamp": 1570157319.5698419, "timestamps": [1570157321.6594088], "episode_lengths": [19], "episode_rewards": [19.0], "episode_types": ["t"]}