{"initial_reset_timestamp": 1570142642.829803, "timestamps": [1570142651.910987], "episode_lengths": [200], "episode_rewards": [-200.0], "episode_types": ["t"]}