{"initial_reset_timestamp": 1570082586.6292422, "timestamps": [1570082593.823043], "episode_lengths": [200], "episode_rewards": [200.0], "episode_types": ["t"]}